Country Name,Country Code,1960,1961,1962,1963,1964,1965,1966,1967,1968,1969,1970,1971,1972,1973,1974,1975,1976,1977,1978,1979,1980,1981,1982,1983,1984,1985,1986,1987,1988,1989,1990,1991,1992,1993,1994,1995,1996,1997,1998,1999,2000,2001,2002,2003,2004,2005,2006,2007,2008,2009,2010,2011,2012
Arab World,ARB,,,,,,,,,,,,,,,,,,,,,,,,,,,,,,,54.4649,,,,,,,,,,65.8685,,,,,,,,,,73.5632,,
Caribbean small states,CSS,,,,,,,,,,,,,,,,,,,,,,,,,,,,,,,,,,,,,,,,,,,,,,,,,,,,,
East Asia & Pacific (all income levels),EAS,,,,,,,,,,,,,,,,,,,,,,,,,,,,,,,82.01,,,,,,,,,,91.5322,,,,,,,,,,94.1547,,
East Asia & Pacific (developing only),EAP,,,,,,,,,,,,,,,,,,,,,,,,,,,,,,,79.8003,,,,,,,,,,90.7694,,,,,,,,,,93.7699,,
Euro area,EMU,,,,,,,,,,,,,,,,,,,,,,,,,,,,,,,,,,,,,,,,,,,,,,,,,,,98.8569,,
Europe & Central Asia (all income levels),ECS,,,,,,,,,,,,,,,,,,,,,,,,,,,,,,,97.2681,,,,,,,,,,98.1505,,,,,,,,,,98.597,,
Europe & Central Asia (developing only),ECA,,,,,,,,,,,,,,,,,,,,,,,,,,,,,,,95.6584,,,,,,,,,,97.229,,,,,,,,,,97.9382,,
European Union,EUU,,,,,,,,,,,,,,,,,,,,,,,,,,,,,,,,,,,,,,,,,98.7846,,,,,,,,,,99.0327,,
Heavily indebted poor countries (HIPC),HPC,,,,,,,,,,,,,,,,,,,,,,,,,,,,,,,46.698,,,,,,,,,,52.7415,,,,,,,,,,58.1092,,
High income,HIC,,,,,,,,,,,,,,,,,,,,,,,,,,,,,,,,,,,,,,,,,98.1162,,,,,,,,,,98.2835709911,,
High income: nonOECD,NOC,,,,,,,,,,,,,,,,,,,,,,,,,,,,,,,83.1721,,,,,,,,,,88.5821,,,,,,,,,,91.1505,,
High income: OECD,OEC,,,,,,,,,,,,,,,,,,,,,,,,,,,,,,,,,,,,,,,,,,,,,,,,,,,,,
Latin America & Caribbean (all income levels),LCN,,,,,,,,,,,,,,,,,,,,,,,,,,,,,,,85.7444,,,,,,,,,,89.7402,,,,,,,,,,91.3897,,
Latin America & Caribbean (developing only),LAC,,,,,,,,,,,,,,,,,,,,,,,,,,,,,,,85.668,,,,,,,,,,89.7046,,,,,,,,,,91.3726,,
Least developed countries: UN classification,LDC,,,,,,,,,,,,,,,,,,,,,,,,,,,,,,,45.7526,,,,,,,,,,53.6272,,,,,,,,,,59.7029,,
Low & middle income,LMY,,,,,,,,,,,,,,,,,,,,,,,,,,,,,,,69.5723,,,,,,,,,,77.8495,,,,,,,,,,80.8439,,
Low income,LIC,,,,,,,,,,,,,,,,,,,,,,,,,,,,,,,50.7432,,,,,,,,,,57.5208,,,,,,,,,,62.8666,,
Lower middle income,LMC,,,,,,,,,,,,,,,,,,,,,,,,,,,,,,,58.5903,,,,,,,,,,67.7201,,,,,,,,,,70.9497,,
Middle East & North Africa (all income levels),MEA,,,,,,,,,,,,,,,,,,,,,,,,,,,,,,,58.4679,,,,,,,,,,70.4185,,,,,,,,,,77.5849,,
Middle East & North Africa (developing only),MNA,,,,,,,,,,,,,,,,,,,,,,,,,,,,,,,56.0001,,,,,,,,,,68.109,,,,,,,,,,75.7179,,
Middle income,MIC,,,,,,,,,,,,,,,,,,,,,,,,,,,,,,,71.7923,,,,,,,,,,80.3814,,,,,,,,,,83.2549,,
North America,NAC,,,,,,,,,,,,,,,,,,,,,,,,,,,,,,,,,,,,,,,,,,,,,,,,,,,,,
Not classified,INX,,,,,,,,,,,,,,,,,,,,,,,,,,,,,,,,,,,,,,,,,,,,,,,,,,,,,
OECD members,OED,,,,,,,,,,,,,,,,,,,,,,,,,,,,,,,,,,,,,,,,,,,,,,,,,,,97.8329,,
Other small states,OSS,,,,,,,,,,,,,,,,,,,,,,,,,,,,,,,,,,,,,,,,,,,,,,,,,,,,,
Pacific island small states,PSS,,,,,,,,,,,,,,,,,,,,,,,,,,,,,,,,,,,,,,,,,,,,,,,,,,,,,
Small states,SST,,,,,,,,,,,,,,,,,,,,,,,,,,,,,,,,,,,,,,,,,,,,,,,,,,,,,
South Asia,SAS,,,,,,,,,,,,,,,,,,,,,,,,,,,,,,,45.8857,,,,,,,,,,57.995,,,,,,,,,,61.5725,,
Sub-Saharan Africa (all income levels),SSF,,,,,,,,,,,,,,,,,,,,,,,,,,,,,,,53.2311,,,,,,,,,,57.4121,,,,,,,,,,62.5878,,
Sub-Saharan Africa (developing only),SSA,,,,,,,,,,,,,,,,,,,,,,,,,,,,,,,53.2039,,,,,,,,,,57.3884,,,,,,,,,,62.5584,,
Upper middle income,UMC,,,,,,,,,,,,,,,,,,,,,,,,,,,,,,,81.9519,,,,,,,,,,90.8793,,,,,,,,,,93.5883,,
World,WLD,,,,,,,,,,,,,,,,,,,,,,,,,,,,,,,75.6336,,,,,,,,,,81.8367,,,,,,,,,,84.0708,,
Afghanistan,AFG,,,,,,,,,,,,,,,,,,,,18.15768113,,,,,,,,,,,,,,,,,,,,,,,,,,,,,,,,,
Albania,ALB,,,,,,,,,,,,,,,,,,,,,,,,,,,,,,,,,,,,,,,,,,98.71297808,,,,,,,95.93863978,,,,
Algeria,DZA,,,,,,,,,,,,,,,,,,,,,,,,,,,,49.63088483,,,,,,,,,,,,,,,69.87350044,,,,72.64867917,,,,,,
American Samoa,ASM,,,,,,,,,,,,,,,,,,,,,97.34415925,,,,,,,,,,,,,,,,,,,,,,,,,,,,,,,,
Andorra,AND,,,,,,,,,,,,,,,,,,,,,,,,,,,,,,,,,,,,,,,,,,,,,,,,,,,,,
Angola,AGO,,,,,,,,,,,,,,,,,,,,,,,,,,,,,,,,,,,,,,,,,,67.40541604,,,,,,,,,70.14008,,
Antigua and Barbuda,ATG,,,,,,,,,,,,,,,,,,,,,,,,,,,,,,,,,,,,,,,,,,98.95,,,,,,,,,98.95,,
Argentina,ARG,,,,,,,,,,,,,,,,,,,,,93.91285971,,,,,,,,,,,96.12819586,,,,,,,,,,97.19331158,,,,,,,,,97.79871,,
Armenia,ARM,,,,,,,,,,,,,,,,,,,,,,,,,,,,,,98.75196493,,,,,,,,,,,,99.40015652,,,,,,,,,99.55152,,
Aruba,ABW,,,,,,,,,,,,,,,,,,,,,,,,,,,,,,,,,,,,,,,,,97.29125212,,,,,,,,,,96.82048092,,
Australia,AUS,,,,,,,,,,,,,,,,,,,,,,,,,,,,,,,,,,,,,,,,,,,,,,,,,,,,,
Austria,AUT,,,,,,,,,,,,,,,,,,,,,,,,,,,,,,,,,,,,,,,,,,,,,,,,,,,,,
Azerbaijan,AZE,,,,,,,,,,,,,,,,,,,,,,,,,,,,,,,,,,,,,,,,98.7918027,,,,,,,,99.6019062,,99.75984067,,,
"Bahamas, The",BHS,,,,,,,,,,,,,,,,,,,,,,,,,,,,,,,,,,,,,,,,,,,,,,,,,,,,,
Bahrain,BHR,,,,,,,,,,,,,,,,,,,,,,69.75351409,,,,,,,,,,84.01382963,,,,,,,,,,86.54874423,,,,,,,,,91.92275,,
Bangladesh,BGD,,,,,,,,,,,,,,,,,,,,,,29.22723268,,,,,,,,,,35.31929562,,,,,,,,,,47.4855001,,,,,,,,,56.77985,,
Barbados,BRB,,,,,,,,,,,,,,,,,,,,,,,,,,,,,,,,,,,,,,,,,,,,,,,,,,,,,
Belarus,BLR,,,,,,,,,,,,,,,,,,,,,,,,,,,,,,97.88337215,,,,,,,,,,99.59073243,,,,,,,,,,99.6170606,,,
Belgium,BEL,,,,,,,,,,,,,,,,,,,,,,,,,,,,,,,,,,,,,,,,,,,,,,,,,,,,,
Belize,BLZ,,,,,,,,,,,,,,,,,,,,,,,,,,,,,,,,70.29842264,,,,,,,,,,,,,,,,,,,,,
Benin,BEN,,,,,,,,,,,,,,,,,,,,16.4827945,,,,,,,,,,,,,27.24525033,,,,,,,,,,34.65784677,,,,,,,,42.35942,,
Bermuda,BMU,,,,,,,,,,,,,,,,,,,,,,,,,,,,,,,,,,,,,,,,,,,,,,,,,,,,,
Bhutan,BTN,,,,,,,,,,,,,,,,,,,,,,,,,,,,,,,,,,,,,,,,,,,,,,52.81469107,,,,,,,
Bolivia,BOL,,,,,,,,,,,,,,,,,63.20814916,,,,,,,,,,,,,,,,79.99177478,,,,,,,,,86.72366662,,,,,,90.74346987,90.69810562,91.16782546,,,
Bosnia and Herzegovina,BIH,,,,,,,,,,,,,,,,,,,,,,,,,,,,,,,,,,,,,,,,,96.66309845,,,,,,,,,,97.88287,,
Botswana,BWA,,,,,,,,,,,,,,,,,,,,,,,,,,,,,,,,68.58090873,,,,,,,,,,,,81.18870975,,,,,,,84.4709,,
Brazil,BRA,,,,,,,,,,,,,,,,,,,,,74.58672844,,,,,,,,,,,,,,,,,,,,86.36787962,,,,88.61624253,,89.615227,90.00936956,90.03661994,90.29820984,,,
Brunei Darussalam,BRN,,,,,,,,,,,,,,,,,,,,,,77.83421219,,,,,,,,,,87.80417761,,,,,,,,,,92.67112774,,,,,,,,,95.21942,,
Bulgaria,BGR,,,,,,,,,,,,,,,,,,,,,,,,,,,,,,,,,,,,,,,,,,98.20355577,,,,,,,,,,98.35244811,
Burkina Faso,BFA,,,,,,,,,,,,,,,,8.685145441,,,,,,,,,,,,,,,,13.56923196,,,,,12.84816893,,,,,,,21.82291624,,23.55371812,,28.7292136,,,,,
Burundi,BDI,,,,,,,,,,,,,,,,,,,,22.50855076,,,,,,,,,,,37.38472344,,,,,,,,,,59.30362117,,,,,,,,,,67.15936,,
Cambodia,KHM,,,,,,,,,,,,,,,,,,,,,,,,,,,,,,,,,,,,,,,67.33502956,,,,,,73.60995477,,,,77.58654273,73.90002557,,,
Cameroon,CMR,,,,,,,,,,,,,,,,,41.21621117,,,,,,,,,,,,,,,,,,,,,,,,68.40915939,,,,,,,70.6799378,,,,,
Canada,CAN,,,,,,,,,,,,,,,,,,,,,,,,,,,,,,,,,,,,,,,,,,,,,,,,,,,,,
Cape Verde,CPV,,,,,,,,,,,,,,,,,,,,,,,,,,,,,,,62.79685904,,,,,,,,,,,,,,79.99211,,,,,,84.29006,,
Cayman Islands,CYM,,,,,,,,,,,,,,,,,,,,,,,,,,,,,,,,,,,,,,,,,,,,,,,,98.86782324,,,,,
Central African Republic,CAF,,,,,,,,,,,,,,,,18.2361715,,,,,,,,,,,,,33.62442222,,,,,,,,,,,,50.64516882,,,,,,,,,,55.9909,,
Chad,TCD,,,,,,,,,,,,,,,,,,,,,,,,,,,,,,,,,,10.89465314,,,,,,,25.65421488,,,,28.3814337,,,,,,34.47456,,
Channel Islands,CHI,,,,,,,,,,,,,,,,,,,,,,,,,,,,,,,,,,,,,,,,,,,,,,,,,,,,,
Chile,CHL,,,,,,,,,,,,,,,,,,,,,,,91.12840373,,,,,,,,,,94.2911368,,,,,,,,,,95.71662423,,,,,,98.64900802,98.55367609,,,
China,CHN,,,,,,,,,,,,,,,,,,,,,,,65.50508573,,,,,,,,77.78505864,,,,,,,,,,90.92021038,,,,,,,,,,94.2722,,
Colombia,COL,,,,,,,,,,,,,,,,,,,,,,,,,,,,,,,,,,81.37555447,,,91.20716186,,,,,,,,92.80377655,92.84866221,92.29967872,92.65179431,93.37817637,93.24468643,93.37232869,,
Comoros,COM,,,,,,,,,,,,,,,,,,,,,47.91923316,,,,,,,,,,,,,,,,,,,,68.48923434,,,,,,,,,,74.93553,,
"Congo, Dem. Rep.",COD,,,,,,,,,,,,,,,,,,,,,,,,,,,,,,,,,,,,,,,,,,67.17298971,,,,,,,,,66.79862,,
"Congo, Rep.",COG,,,,,,,,,,,,,,,,,,,,,,,,,,,,,,,,,,,,,,,,,,,,,,,,,,,,,
Costa Rica,CRI,,,,,,,,,,,,,,,,,,,,,,,,,92.62904202,,,,,,,,,,,,,,,,94.86818706,,,,,,,,,,96.15763,,
Cote d'Ivoire,CIV,,,,,,,,,,,,,,,,,,,,,,,,,,,,,34.13927836,,,,,,,,,,36.35024201,,48.740762,,,,,,,,,,56.17108,,
Croatia,HRV,,,,,,,,,,,,,,,,,,,,,,,,,,,,,,,,96.70154796,,,,,,,,,,98.14667839,,,,,,,,,98.82636,,
Cuba,CUB,,,,,,,,,,,,,,,,,,,,,,97.84665042,,,,,,,,,,,,,,,,,,,,,99.79907436,,,,,,,,99.83093,,
Curacao,CUW,,,,,,,,,,,,,,,,,,,,,,,,,,,,,,,,,,,,,,,,,,,,,,,,,,,,,
Cyprus,CYP,,,,,,,,,,,,,,,,,,,,,,,,,,,,,,,,,94.3624702,,,,,,,,,96.80363091,,,,,,,,,98.27978,,
Czech Republic,CZE,,,,,,,,,,,,,,,,,,,,,,,,,,,,,,,,,,,,,,,,,,,,,,,,,,,,,
Denmark,DNK,,,,,,,,,,,,,,,,,,,,,,,,,,,,,,,,,,,,,,,,,,,,,,,,,,,,,
Djibouti,DJI,,,,,,,,,,,,,,,,,,,,,,,,,,,,,,,,,,,,,,,,,,,,,,,,,,,,,
Dominica,DMA,,,,,,,,,,,,,,,,,,,,,,,,,,,,,,,,,,,,,,,,,,,,,,,,,,,,,
Dominican Republic,DOM,,,,,,,,,,,,,,,,,,,,,,73.06456854,,,,,,,,,,,,,,,,,,,,,86.99646746,,,,,88.2444613,,,89.53873319,,
Ecuador,ECU,,,,,,,,,,,,,,,,,,,,,,,83.55268606,,,,,,,,88.29876298,,,,,,,,,,,90.9840256,,,,,,84.19272288,,84.20696478,91.85404065,,
"Egypt, Arab Rep.",EGY,,,,,,,,,,,,,,,,,38.19676456,,,,,,,,,,44.42399332,,,,,,,,,,55.58699669,,,,,,,,,71.40886361,66.36990704,,,,72.04785265,,
El Salvador,SLV,,,,,,,,,,,,,,,,,,,,,,,,,,,,,,,,,74.14316182,,,,,,,,,,,,79.82584,,83.55945767,82.02863414,83.95130498,84.10288775,84.4927239,,
Equatorial Guinea,GNQ,,,,,,,,,,,,,,,,,,,,,,,,,,,,,,,,,,,,,,,,,88.30830111,,,,,,,,,,93.94134,,
Eritrea,ERI,,,,,,,,,,,,,,,,,,,,,,,,,,,,,,,,,,,,,,,,,,,52.51395125,,,,,,,,67.77046,,
Estonia,EST,,,,,,,,,,,,,,,,,,,,,,,,,,,,,,99.72644075,,,,,,,,,,,99.76719592,,,,,,,,,,99.79558,,
Ethiopia,ETH,,,,,,,,,,,,,,,,,,,,,,,,,,,,,,,,,,,27.01135531,,,,,,,,,,35.9,29.82033796,,38.99598154,,,,,
Faeroe Islands,FRO,,,,,,,,,,,,,,,,,,,,,,,,,,,,,,,,,,,,,,,,,,,,,,,,,,,,,
Fiji,FJI,,,,,,,,,,,,,,,,,,,,,,,,,,,,,,,,,,,,,,,,,,,,,,,,,,,,,
Finland,FIN,,,,,,,,,,,,,,,,,,,,,,,,,,,,,,,,,,,,,,,,,,,,,,,,,,,,,
France,FRA,,,,,,,,,,,,,,,,,,,,,,,,,,,,,,,,,,,,,,,,,,,,,,,,,,,,,
French Polynesia,PYF,,,,,,,,,,,,,,,,,,,,,,,,,,,,,,,,,,,,,,,,,,,,,,,,,,,,,
Gabon,GAB,,,,,,,,,,,,,,,,,,,,,,,,,,,,,,,,,,72.23367189,,,,,,,,,,,83.80069,,,,,,88.38389,,
"Gambia, The",GMB,,,,,,,,,,,,,,,,,,,,,,,,,,,,,,,,,,,,,,,,,36.81772659,,,,,,,,,,49.95741,,
Georgia,GEO,,,,,,,,,,,,,,,,,,,,,,,,,,,,,,,,,,,,,,,,,,,99.65234895,,,,,,,,99.72504,,
Germany,DEU,,,,,,,,,,,,,,,,,,,,,,,,,,,,,,,,,,,,,,,,,,,,,,,,,,,,,
Ghana,GHA,,,,,,,,,,,,,,,,,,,,,,,,,,,,,,,,,,,,,,,,,57.89747287,,,,,,,,,,67.27296,,
Greece,GRC,,,,,,,,,,,,,,,,,,,,,,90.51232372,,,,,,,,,,92.61045144,,,,,,,,,,95.99435923,,,,,,,,,97.18821,,
Greenland,GRL,,,,,,,,,,,,,,,,,,,,,,,,,,,,,,,,,,,,,,,,,,,,,,,,,,,,,
Grenada,GRD,,,,,,,,,,,96,,,,,,,,,,,,,,,,,,,,,,,,,,,,,,,,,,,,,,,,,,
Guam,GUM,,,,,,,,,,,,,,,,,,,,,96.42065298,,,,,,,,,,,,,,,,,,,,,,,,,,,,,,,,
Guatemala,GTM,,,,,,,,,,,,,,,,,,,,,,,,,,,,,,,,,,,64.21164151,,,,,,,,69.10172764,,,,,,,,75.1834,,
Guinea,GIN,,,,,,,,,,,,,,,,,,,,,,,,,,,,,,,,,,,,,20.55374866,,,,,,,29.70401691,,,,,,,41.04688,,
Guinea-Bissau,GNB,,,,,,,,,,,,,,,,,,,,19.9582484,,,,,,,,,,,,,,,,,,,,,41.3577676,,,,,,,,,,54.18319,,
Guyana,GUY,,,,,,,,,,,,,,,,,,,,,,,,,,,,,,,,,,,,,,,,,,,,,,,,,,,,,
Haiti,HTI,,,,,,,,,,,,,,,,,,,,,,,34.73469247,,,,,,,,,,,,,,,,,,,,,58.74390334,,,48.68502206,,,,,,
Honduras,HND,,,,,,,,,,,,,,,,,,,,,,,,,,,,,,,,,,,,,,,,,,80.01103176,,,,,,83.58899402,,,84.75536182,,
"Hong Kong SAR, China",HKG,,,,,,,,,,,,,,,,,,,,,,,,,,,,,,,,,,,,,,,,,,,,,,,,,,,,,
Hungary,HUN,,,,,,,,,,,,,,,,,,,,,98.85828526,,,,,,,,,,,,,,98.98274,,,,,,,,,,99.02997,,,,,,99.04557,,
Iceland,ISL,,,,,,,,,,,,,,,,,,,,,,,,,,,,,,,,,,,,,,,,,,,,,,,,,,,,,
India,IND,,,,,,,,,,,,,,,,,,,,,,40.76359022,,,,,,,,,,48.22207484,,,,,,,,,,61.01455637,,,,,62.75447457,,,,,,
Indonesia,IDN,,,,,,,,,,,,,,,,,,,,,67.31267192,,,,,,,,,,81.51985243,,,,,,,,,,,,,,90.38478936,,91.98227127,,92.19230071,92.58169512,,,
"Iran, Islamic Rep.",IRN,,,,,,,,,,,,,,,,,36.51840027,,,,,,,,,,52.31975542,,,,,65.53140002,,,,,73.06025471,,,,,,77,,,82.44119663,82.33131752,,85.01876698,,,,
Iraq,IRQ,,,,,,,,,,,,,,,,,,,,,,,,,,,,,,,,,,,,,,,,,74.05220113,,,,,,,,,,78.16945,,
Ireland,IRL,,,,,,,,,,,,,,,,,,,,,,,,,,,,,,,,,,,,,,,,,,,,,,,,,,,,,
Isle of Man,IMN,,,,,,,,,,,,,,,,,,,,,,,,,,,,,,,,,,,,,,,,,,,,,,,,,,,,,
Israel,ISR,,,,,,,,,,,,,,,,,,,,,,,,91.75140848,,,,,,,,,,,,,,,,,,,,,,,,,,,,,
Italy,ITA,,,,,,,,,,,,,,,,,,,,,,96.46054269,,,,,,,,,,,,,,,,,,,,98.41662205,,,,,,,,,98.93336,,
Jamaica,JAM,,,,,,,,,,,,,,,,,,,,,,,,,,,,,,,,,,,,,,,,79.9201233,,,,,,,,,,,86.61514,,
Japan,JPN,,,,,,,,,,,,,,,,,,,,,,,,,,,,,,,,,,,,,,,,,,,,,,,,,,,,,
Jordan,JOR,,,,,,,,,,,,,,,,,,,,66.79680827,,,,,,,,,,,,,,,,,,,,,,,,89.89232425,,91.13075164,,92.19957688,,,92.55104289,,
Kazakhstan,KAZ,,,,,,,,,,,,,,,,,,,,,,,,,,,,,,97.5293835,,,,,,,,,,99.51265808,,,,,,,,,,,99.69386,,
Kenya,KEN,,,,,,,,,,,,,,,,,,,,,,,,,,,,,,,,,,,,,,,,,82.22907531,,,,,,,81.83995002,,,87.38124,,
Kiribati,KIR,,,,,,,,,,,,,,,,,,,,,,,,,,,,,,,,,,,,,,,,,,,,,,,,,,,,,
"Korea, Dem. Rep.",PRK,,,,,,,,,,,,,,,,,,,,,,,,,,,,,,,,,,,,,,,,,,,,,,,,,99.99826243,,,,
"Korea, Rep.",KOR,,,,,,,,,,,,,,,,,,,,,,,,,,,,,,,,,,,,,,,,,,,,,,,,,,,,,
Kosovo,KSV,,,,,,,,,,,,,,,,,,,,,,,,,,,,,,,,,,,,,,,,,,,,,,,,,,,,,
Kuwait,KWT,,,,,,,,,,,,,,,,59.5643924,,,,,67.5176582,,,,,74.49086751,,,,,,,,,,78.39550336,,,,,,,,,,93.27446435,93.28212289,93.66418515,93.90620595,,,,
Kyrgyz Republic,KGZ,,,,,,,,,,,,,,,,,,,,,,,,,,,,,,,,,,,,,,,,98.70161259,,,,,,,,,,99.24140488,,,
Lao PDR,LAO,,,,,,,,,,,,,,,,,,,,,,,,,,,,,,,,,,,,60.2513332,,,,,69.58311889,68.73439465,,,,72.7022592,,,,,,,
Latvia,LVA,,,,,,,,,,,,,,,,,,,,,,,,,,,,,,99.45230035,,,,,,,,,,,99.74656994,,,,,,,,,,99.78384,,
Lebanon,LBN,,,,,,,,,,,,,,,,,,,,,,,,,,,,,,,,,,,,,,,,,,,,,,,,89.61243888,,,,,
Lesotho,LSO,,,,,,,,,,,,,,,,,,,,,,,,,,,,,,,,,,,,,,,,,86.25443487,,,,,,,,,,89.64732,,
Liberia,LBR,,,,,,,,,,,,,,,,,,,,,,,,,32.10676616,,,,,,,,,,43.46086,,,,,,,,,,54.77813,,,,,,60.77754,,
Libya,LBY,,,,,,,,,,,,,,,,,,,,,,,,,60.16439333,,,,,,,,,,77.21518,,,,,,,,,,86.11627,,,,,,89.20996,,
Liechtenstein,LIE,,,,,,,,,,,,,,,,,,,,,,,,,,,,,,,,,,,,,,,,,,,,,,,,,,,,,
Lithuania,LTU,,,,,,,,,,,,,,,,,,,,,,,,,,,,,,98.4412675,,,,,,,,,,,,99.64575347,,,,,,,,,99.70005,,
Luxembourg,LUX,,,,,,,,,,,,,,,,,,,,,,,,,,,,,,,,,,,,,,,,,,,,,,,,,,,,,
"Macao SAR, China",MAC,,,,,,,,,,,,,,,,,,,,,,90.3781843,,,,,,,,,,,,,,,,,,,,91.29537204,,,,,93.49975453,,,,,,
"Macedonia, FYR",MKD,,,,,,,,,,,,,,,,,,,,,,,,,,,,,,,,,,,94.05874638,,,,,,,,96.12893276,,,,,,,,97.26855,,
Madagascar,MDG,,,,,,,,,,,,,,,,,,,,,,,,,,,,,,,,,,,,,,,,,70.68616958,,,,,,,,,64.48090564,,,
Malawi,MWI,,,,,,,,,,,,,,,,,,,,,,,,,,,,48.53665373,,,,,,,,,,,64.13425114,,,,,,,,,,,,74.76636,,
Malaysia,MYS,,,,,,,,,,,,,,,,,,,,,69.5163325,,,,,,,,,,,82.91537125,,,,,,,,,88.68775716,,,,,,,,,,93.11788558,,
Maldives,MDV,,,,,,,,,,,,,,,,,,82.29995515,,,,,,,,92.23005103,,,,,96.01825636,,,,,96.32649558,,,,,96.32649558,,,,,,98.39789794,,,,,,
Mali,MLI,,,,,,,,,,,,,,,,,9.433807008,,,,,,,,,,,,,,,,,,,,,,19.04497166,,,,,24,,,26.17655464,,,,31.09975395,,
Malta,MLT,,,,,,,,,,,,,,,,,,,,,,,,,,87.98217348,,,,,,,,,,87.86869664,,,,,,,,,,92.36309006,,,,,,,
Marshall Islands,MHL,,,,,,,,,,,,,,,,,,,,,,,,,,,,,,,,,,,,,,,,,,,,,,,,,,,,,
Mauritania,MRT,,,,,,,,,,,,,,,,,,,,,,,,,,,,,,,,,,,,,,,,,51.20767798,,,,,,,,,,58.01511,,
Mauritius,MUS,,,,,,,,,,,,,,,,,,,,,,,,,,,,,,,79.86865973,,,,,,,,,,84.30308904,,,,,,,,,,88.51396,,
Mexico,MEX,,,,,,,,,,,,,,,,,,,,,82.98924182,,,,,,,,,,87.55615211,,,,,,,,,,90.53562478,,90.27465487,,90.95374472,91.63026578,91.73451979,92.79517345,92.92559652,93.44187884,93.06893868,,
"Micronesia, Fed. Sts.",FSM,,,,,,,,,,,,,,,,,,,,,,,,,,,,,,,,,,,,,,,,,,,,,,,,,,,,,
Moldova,MDA,,,,,,,,,,,,,,,,,,,,,,,,,,,,,,96.37754811,,,,,,,,,,,96.65379665,,,,,,,,,,98.52359,,
Monaco,MCO,,,,,,,,,,,,,,,,,,,,,,,,,,,,,,,,,,,,,,,,,,,,,,,,,,,,,
Mongolia,MNG,,,,,,,,,,,,,,,,,,,,,,,,,,,,,,,,,,,,,,,,,97.7688517,,,,,,,,,,97.40807,,
Montenegro,MNE,,,,,,,,,,,,,,,,,,,,,,,,,,,,,,,,,,,,,,,,,,,,,,,,,,,98.37513,,
Morocco,MAR,,,,,,,,,,,,,,,,,,,,,,,30.25780422,,,,,,,,,,,,41.59410541,,,,,,,,,,52.30625903,,,,55.14792003,56.08367213,,,
Mozambique,MOZ,,,,,,,,,,,,,,,,,,,,,27.1017784,,,,,,,,,,,,,,,,,38.70787656,,,,,,48.15883992,,,,,,,56.10843,,
Myanmar,MMR,,,,,,,,,,,,,,,,,,,,,,,,78.57041431,,,,,,,,,,,,,,,,,89.94176457,,,,,,,,,,92.29494,,
Namibia,NAM,,,,,,,,,,,,,,,,,,,,,,,,,,,,,,,,75.8165833,,,,,,,,,,85.04128186,,,,,,,,,88.75121,,
Nepal,NPL,,,,,,,,,,,,,,,,,,,,,,20.5736734,,,,,,,,,,32.97558613,,,,,,,,,,48.60897151,,,,,,,,,60.31452,,
Netherlands,NLD,,,,,,,,,,,,,,,,,,,,,,,,,,,,,,,,,,,,,,,,,,,,,,,,,,,,,
New Caledonia,NCL,,,,,,,,,,,,,,,,,91.30037077,,,,,,,,,,,,,93.08062956,,,,,,,96.1379222,,,,,,,,,,,,,,96.48932,,
New Zealand,NZL,,,,,,,,,,,,,,,,,,,,,,,,,,,,,,,,,,,,,,,,,,,,,,,,,,,,,
Nicaragua,NIC,,,,,,,,,,,,,,,,,,,,,,,,,,,,,,,,,,,,,,,,,,76.67712636,,,,78.00298018,,,,,,,
Niger,NER,,,,,,,,,,,,,,,,,,,,,,,,,,,,,,,,,,,,,,,,,,9.391331152,,,,28.67242221,,,,,,,
Nigeria,NGA,,,,,,,,,,,,,,,,,,,,,,,,,,,,,,,,55.4467549,,,,,,,,,,,,54.77317856,,,,,,,61.33857,,
Northern Mariana Islands,MNP,,,,,,,,,,,,,,,,,,,,,,,,,,,,,,,,,,,,,,,,,,,,,,,,,,,,,
Norway,NOR,,,,,,,,,,,,,,,,,,,,,,,,,,,,,,,,,,,,,,,,,,,,,,,,,,,,,
Oman,OMN,,,,,,,,,,,,,,,,,,,,,,,,,,,,,,,,,,,,,,,,,,,,81.36331243,,,,,86.62114302,,,,
Pakistan,PAK,,,,,,,,,,,,,,,,,,,,,,25.72519295,,,,,,,,,,,,,,,,,42.69930972,,,,,,,49.87364482,54.1512107,,55.526367,54.89263615,,,
Palau,PLW,,,,,,,,,,,,,,,,,,,,,91.92141563,,,,,,,,,,,,,,,,,,,,,,,,,,,,,,,,
Panama,PAN,,,,,,,,,,,,,,,,,,,,,88.0717369,,,,,,,,,,88.77985851,,,,,,,,,,91.89961503,,,,,,,,,,94.09412379,,
Papua New Guinea,PNG,,,,,,,,,,,,,,,,,,,,,,,,,,,,,,,,,,,,,,,,,57.3432559,,,,,,,,,,60.60985,,
Paraguay,PRY,,,,,,,,,,,,,,,,,,,,,,,78.45861285,,,,,,,,,,90.27182487,,,,,,,,,,,,,,,94.55821823,93.29208399,93.75423788,93.87091509,,
Peru,PER,,,,,,,,,,,,,,,,,,,,,,81.91846409,,,,,,,,,,,,87.15063273,,,,,,,,,,,87.6698485,87.90867359,88.69934183,89.59081302,,,,,
Philippines,PHL,,,,,,,,,,,,,,,,,,,,,83.31723259,,,,,,,,,,93.57389552,,,,,,,,,,92.60006358,,,92.59069009,,,,,95.4200993,,,,
Poland,POL,,,,,,,,,,,,,,,,,,,98.74274091,,,,,,,,,,,,,,,,99.18201,,,,,,,,,,99.41431,,,,,,99.51965,,
Portugal,PRT,,,,,,,,,,,,,,,,,,,,,,79.43561066,,,,,,,,,,87.94784765,,,,,,,,,,,,,,,,,,,95.17895,,
Puerto Rico,PRI,,,,,,,,,,,,,,,,,,,,,86.74605532,,,,,,,,,,89.62250063,,,,,,,,,,,,,,90.53578,,,,,,90.40632,,
Qatar,QAT,,,,,,,,,,,,,,,,,,,,,,,,,,,75.63504406,,,,,,,,,,,83.26215527,,,,,,,88.96238968,,,93.08274078,93.98973253,94.72428844,96.28373979,,
Romania,ROU,,,,,,,,,,,,,,,,,,,,,,,,,,,,,,,,,96.70998266,,,,,,,,,,97.29758531,,,,,,,,97.67535,,
Russian Federation,RUS,,,,,,,,,,,,,,,,,,,,,,,,,,,,,,97.98605483,,,,,,,,,,,,,99.44096771,,,,,,,,99.57627,,
Rwanda,RWA,,,,,,,,,,,,,,,,,,,38.2434252,,,,,,,,,,,,,57.85348773,,,,,,,,,64.88859517,,,,,,,,,,71.05228,,
Samoa,WSM,,,,,,,,,,,,,,,,,,,,,,,,,,,,,,,,97.9443299,,,,,,,,,,,,,98.55447,,,,,,98.79438,,
San Marino,SMR,,,,,,,,,,,,,,,,,,,,,,,,,,,,,,,,,,,,,,,,,,,,,,,,,,,,,
Sao Tome and Principe,STP,,,,,,,,,,,,,,,,,,,,,,57.32426216,,,,,,,,,,73.24241599,,,,,,,,,,84.90851353,,,,,,,,,89.19499,,
Saudi Arabia,SAU,,,,,,,,,,,,,,,,,,,,,,,,,,,,,,,,,70.82164992,,,,,,,,79.35094415,,,,82.85774184,,,,,,86.55028,,
Senegal,SEN,,,,,,,,,,,,,,,,,,,,,,,,,,,,,26.86885372,,,,,,,,,,,,,,39.27524619,,,,41.89115164,,,49.69512652,,,
Serbia,SRB,,,,,,,,,,,,,,,,,,,,,,,,,,,,,,,,,,,,,,,,,,,,96.39724484,,,,,,,97.90237,,
Seychelles,SYC,,,,,,,,,,,,,,,,,,,,,,,,,,,,84.22921568,,,,,,,87.81115037,,,,,,,,91.83646335,,,,,,,,91.83646335,,
Sierra Leone,SLE,,,,,,,,,,,,,,,,,,,,,,,,,,,,,,,,,,,,,,,,,,,,,34.82679013,,,,,,42.11758,,
Singapore,SGP,,,,,,,,,,,,,,,,,,,,,82.90605183,,,,,,,,,,89.09599671,,,,,,,,,,92.54939909,,,,,,,,,,95.85732781,,
Sint Maarten (Dutch part),SXM,,,,,,,,,,,,,,,,,,,,,,,,,,,,,,,,,,,,,,,,,,,,,,,,,,,,,
Slovak Republic,SVK,,,,,,,,,,,,,,,,,,,,,,,,,,,,,,,,,,,,,,,,,,,,,,,,,,,,,
Slovenia,SVN,,,,,,,,,,,,,,,,,,,,,,,,,,,,,,,,99.52451667,,,,,,,,,,,,,99.65247,,,,,,99.68961,,
Solomon Islands,SLB,,,,,,,,,,,,,,,,,,,,,,,,,,,,,,,,,,,,,,,,76.6,,,,,,,,,,,,,
Somalia,SOM,,,,,,,,,,,,,,,,,,,,,,,,,,,,,,,,,,,,,,,,,,,,,,,,,,,,,
South Africa,ZAF,,,,,,,,,,,,,,,,,,,,,76.20049065,,,,,,,,,,,,,,,,82.40210237,,,,,,,,,,,88.71725067,,,,,
South Sudan,SSD,,,,,,,,,,,,,,,,,,,,,,,,,,,,,,,,,,,,,,,,,,,,,,,,,,,,,
Spain,ESP,,,,,,,,,,,,,,,,,,,,,,92.80976506,,,,,,,,,,96.49497052,,,,,,,,,,,,,,97.75069178,,97.93884242,97.63060774,97.67926561,97.74889615,,
Sri Lanka,LKA,,,,,,,,,,,,,,,,,,,,,,86.77792201,,,,,,,,,,,,,,,,,,,,90.68275459,,,,,90.80882594,,90.55795051,,91.18135934,,
St. Kitts and Nevis,KNA,,,,,,,,,,,,,,,,,,,,,,,,,,,,,,,,,,,,,,,,,,,,,,,,,,,,,
St. Lucia,LCA,,,,,,,,,,,,,,,,,,,,,,,,,,,,,,,,,,,,,,,,,,,,,,,,,,,,,
St. Martin (French part),MAF,,,,,,,,,,,,,,,,,,,,,,,,,,,,,,,,,,,,,,,,,,,,,,,,,,,,,
St. Vincent and the Grenadines,VCT,,,,,,,,,,,,,,,,,,,,,,,,,,,,,,,,,,,,,,,,,,,,,,,,,,,,,
Sudan,SDN,,,,,,,,,,,,,,,,,,,,,,,,,,,,,,,,,,,,,,,,,61.34587311,,,,,,,,,,71.05968,,
Suriname,SUR,,,,,,,,,,,,,,,,,,,,,,,,,,,,,,,,,,,,,,,,,,,,,89.59805762,,,,94.62093774,,94.67575059,,
Swaziland,SWZ,,,,,,,,,,,,,,,,,55.32503727,,,,,,,,,,67.23938115,,,,,,,,,,,,,,81.66070182,,,,,,,,,,87.43657,,
Sweden,SWE,,,,,,,,,,,,,,,,,,,,,,,,,,,,,,,,,,,,,,,,,,,,,,,,,,,,,
Switzerland,CHE,,,,,,,,,,,,,,,,,,,,,,,,,,,,,,,,,,,,,,,,,,,,,,,,,,,,,
Syrian Arab Republic,SYR,,,,,,,,,,,,,,,,,,,,,,55.65450081,,,,,,,,,,,,,,,,,,,,,82.88825153,,80.84451928,,,,,,83.44464,,
Tajikistan,TJK,,,,,,,,,,,,,,,,,,,,,,,,,,,,,,97.69402291,,,,,,,,,,,99.45124826,,,,,,,,,,99.69151,,
Tanzania,TZA,,,,,,,,,,,,,,,,,,,,,,,,,,,,,59.11380352,,,,,,,,,,,,,,69.43090038,,,,,,,,73.2055,,
Thailand,THA,,,,,,,,,,,,,,,,,,,,,87.98176042,,,,,,,,,,,,,,,,,,,,92.64654423,,,,,93.50647575,,,,,,,
Timor-Leste,TLS,,,,,,,,,,,,,,,,,,,,,,,,,,,,,,,,,,,,,,,,,,37.6,,,,,,50.6,,,58.3089828,,
Togo,TGO,,,,,,,,,,,,,,,,,,,,,,,,,,,,,,,,,,,,,,,,,53.1775995,,,,,,56.8883677,,,57.09337923,,,
Tonga,TON,,,,,,,,,,,,,,,,,99.59245833,,,,,,,,,,,,,,,,,,,,98.90537331,,,,,,,,,,99.01845558,,,,,,
Trinidad and Tobago,TTO,,,,,,,,,,,,,,,,,,,,,94.97031903,,,,,,,,,,96.93855267,,,,,,,,,,,,,,98.38787,,,,,,98.78751,,
Tunisia,TUN,,,,,,,,,,,,,,,,,,,,,,,,,48.19070196,,,,,,,,,,59.23281,,,,,,,,,,74.29699538,,,77.19040215,77.56113139,,,,
Turkey,TUR,,,,,,,,,,,,,,,,61.62768343,,,,,65.69433989,,,,,75.96824056,,,,,79.23245261,,,,,,,,,,,,,,87.36548905,88.2290562,88.11938681,88.65589759,,90.81672065,,,
Turkmenistan,TKM,,,,,,,,,,,,,,,,,,,,,,,,,,,,,,,,,,,,98.77831676,,,,,,,,,,,,,,,99.58488,,
Turks and Caicos Islands,TCA,,,,,,,,,,,,,,,,,,,,,,,,,,,,,,,,,,,,,,,,,,,,,,,,,,,,,
Tuvalu,TUV,,,,,,,,,,,,,,,,,,,,,,,,,,,,,,,,,,,,,,,,,,,,,,,,,,,,,
Uganda,UGA,,,,,,,,,,,,,,,,,,,,,,,,,,,,,,,,56.10738185,,,,,,,,,,,68.1425103,,,,71.37314464,,,,73.21187991,,
Ukraine,UKR,,,,,,,,,,,,,,,,,,,,,,,,,,,,,,,,,,,,,,,,,,99.43041041,,,,,,,,,99.70679,,
United Arab Emirates,ARE,,,,,,,,,,,,,,,,53.51487935,,,,,,,,,,71.23529682,,,,,,,,,,,,,,,,,,,,90.03384502,,,,,,,
United Kingdom,GBR,,,,,,,,,,,,,,,,,,,,,,,,,,,,,,,,,,,,,,,,,,,,,,,,,,,,,
United States,USA,,,,,,,,,,,,,,,,,,,,,,,,,,,,,,,,,,,,,,,,,,,,,,,,,,,,,
Uruguay,URY,,,,,,,,,,,,,,,,93.86107419,,,,,,,,,,95.37997554,,,,,,,,,,,96.7818093,,,,,,,,,,97.78963211,97.86389135,98.16356073,98.26789838,98.07270629,,
Uzbekistan,UZB,,,,,,,,,,,,,,,,,,,,,,,,,,,,,,,,,,,,,,,,,98.64258347,,,,,,,,,,99.38703,,
Vanuatu,VUT,,,,,,,,,,,,,,,,,,,,52.87392248,,,,,,,,,,,,,,,68.44709,,,,,74,,,,,78.12244,,,,,,82.56803,,
"Venezuela, RB",VEN,,,,,,,,,,,,,,,,,,,,,,84.73220459,,,,,,,,,89.82525312,,,,,,,,,,,92.97983326,,,,,,95.15463963,,95.51199392,,,
Vietnam,VNM,,,,,,,,,,,,,,,,,,,,83.82593952,,,,,,,,,,87.59645062,,,,,,,,,,90.27829948,90.15612936,,,,,,,,,,93.17772,,
Virgin Islands (U.S.),VIR,,,,,,,,,,,,,,,,,,,,,,,,,,,,,,,,,,,,,,,,,,,,,,,,,,,,,
West Bank and Gaza,PSE,,,,,,,,,,,,,,,,,,,,,,,,,,,,,,,,,,,,,,86.0628856,,,,,,,92.27997417,,93.44996616,93.88213545,94.05865254,94.59916759,94.9320113,,
"Yemen, Rep.",YEM,,,,,,,,,,,,,,,,,,,,,,,,,,,,,,,,,,,37.09000403,,,,,,,,,,54.74552,,,,,,63.9094,,
Zambia,ZMB,,,,,,,,,,,,,,,,,,,,,,,,,,,,,,,64.99826421,,,,,,,,,68.00179121,,,69.14921813,,,,,,,,71.2113,,
Zimbabwe,ZWE,,,,,,,,,,,,,,,,,,,,,,,77.79416632,,,,,,,,,,83.51257977,,,,,,,,,,,,,,,,,,92.23544,,
